ρ,f_eff,f_obs_mean,f_obs_std,attn_A_mean,attn_A_std,diversity_mean,diversity_std
1.0,0.7928571428571428,0.8112903225806452,0.007650671758471891,0.7936030473183568,0.003736545324749735,0.6895053763440859,0.0023318711041933667
2.0,0.8844621513944223,0.8509677419354837,0.009850600957808044,0.8878612538296492,0.001584066345698168,0.6876559139784947,0.004197957428542829
5.0,0.9503424657534246,0.8629032258064516,0.005100447838981253,0.9526068345678202,0.0007638549086748625,0.6850967741935483,0.0035788849042757485
10.0,0.974539069359087,0.8777419354838709,0.007338266558759544,0.9763754916310156,0.0002743248363303758,0.6856344086021505,0.004282621703235447
20.0,0.987105380168964,0.8925806451612903,0.005176389205122973,0.9879453437979,0.00015910793778655674,0.6800430107526882,0.002316948567581228
50.0,0.994801935830794,0.895483870967742,0.006689174630105704,0.9950550808704361,9.837429836297818e-5,0.6825806451612904,0.006457434649299309
100.0,0.9973941953454938,0.9003225806451614,0.0017668469596940582,0.9975790045068414,5.935731241221519e-5,0.680236559139785,0.002952978707444098
500.0,0.9994777503646743,0.89,0.003677985242255286,0.9994699773870568,1.527660972010935e-5,0.6823010752688172,0.004288017814118042
