ρ,f_eff,f_obs,attn_A,diversity
1.0,0.16428571428571428,0.13064516129032258,0.15210839142608587,0.6897849462365592
2.0,0.2822085889570552,0.14838709677419354,0.26718435416682335,0.6898924731182796
5.0,0.4956896551724138,0.18387096774193548,0.48666641749821804,0.6893548387096775
10.0,0.6628242074927954,0.22580645161290322,0.6613467966629208,0.6759139784946238
20.0,0.7972270363951474,0.2629032258064516,0.8001364272145687,0.6749462365591399
50.0,0.9076558800315706,0.3016129032258065,0.9115950773649656,0.6602150537634408
100.0,0.9515928837401738,0.3096774193548387,0.9538618326633906,0.6599999999999999
500.0,0.9899285529826978,0.3596774193548387,0.9912049009601214,0.6421505376344085
