family,pfam_id,K,L,d_pca,K_A,K_B,natural_frac,separation_index,hard_curation_frac,cal_gap_rho500
Kunitz,PF00014,99,53,80,32,67,0.32323232323232326,0.19708968073153887,1.0,0.38830308031355254
SH3,PF00018,55,48,46,33,22,0.6,0.3385949631822444,1.0,0.007270592614864735
WW,PF00397,420,31,186,69,351,0.16428571428571428,0.11145116988611777,1.0,0.6426167250257085
Homeobox,PF00046,136,57,101,102,34,0.75,0.4171956095135915,1.0,0.04234453016985085
Forkhead,PF00250,246,87,172,122,124,0.4959349593495935,0.16516502266769423,1.0,0.26786381007266735
