ρ,position,consensus_residue,binder_input_freq,generated_freq,transfer_ratio
1.0,21,N,0.46875,0.513978494623656,0.0
1.0,22,P,0.1875,0.2537634408602151,0.0
1.0,23,E,0.15625,0.14623655913978495,0.8187281105990785
1.0,24,T,0.46875,0.4817204301075269,1.1527521285525846
1.0,25,K,0.5625,0.2161290322580645,0.09012999518536348
1.0,26,Q,0.1875,0.19462365591397848,1.2752163650668762
1.0,27,C,1.0,1.0,0.0
1.0,28,E,0.21875,0.3193548387096774,0.0
1.0,29,R,0.1875,0.14731182795698924,0.12797171895713658
10.0,21,N,0.46875,0.5419354838709678,0.0
10.0,22,P,0.1875,0.26881720430107525,0.0
10.0,23,E,0.15625,0.15698924731182795,1.0133824884792626
10.0,24,T,0.46875,0.535483870967742,1.7859215733301357
10.0,25,K,0.5625,0.2817204301075269,0.26242978655111543
10.0,26,Q,0.1875,0.2032258064516129,1.6075531077891425
10.0,27,C,1.0,1.0,0.0
10.0,28,E,0.21875,0.3473118279569892,0.0
10.0,29,R,0.1875,0.15806451612903225,0.361290322580645
100.0,21,N,0.46875,0.5655913978494623,0.0
100.0,22,P,0.1875,0.2860215053763441,0.0
100.0,23,E,0.15625,0.17634408602150536,1.3637603686635942
100.0,24,T,0.46875,0.5881720430107527,2.0
100.0,25,K,0.5625,0.31827956989247314,0.35846573583694435
100.0,26,Q,0.1875,0.2129032258064516,1.9814319433516916
100.0,27,C,1.0,1.0,0.0
100.0,28,E,0.21875,0.3827956989247312,0.0
100.0,29,R,0.1875,0.16451612903225807,0.5012814847547504
500.0,21,N,0.46875,0.5827956989247312,0.0
500.0,22,P,0.1875,0.2956989247311828,0.0
500.0,23,E,0.15625,0.17849462365591398,1.4026912442396313
500.0,24,T,0.46875,0.6086021505376344,2.0
500.0,25,K,0.5625,0.3301075268817204,0.3895361900176536
500.0,26,Q,0.1875,0.2129032258064516,1.9814319433516916
500.0,27,C,1.0,1.0,0.0
500.0,28,E,0.21875,0.4075268817204301,0.0
500.0,29,R,0.1875,0.16774193548387098,0.5712770658418033
