method,f_obs_mean,f_obs_std,diversity_mean,diversity_std,kl_mean,kl_std,valid_mean,valid_std
Hard curation,1.0,0.0,0.4976855345911949,0.006088524592992356,0.008738296457795586,0.0005176700412153695,1.0,0.0
Multiplicity (ρ=500),0.6012903225806452,0.01161588969961841,0.5094591194968553,0.003655814225477131,0.018044513414086902,0.00075280482434694,1.0,0.0
Combined (ρ=500),0.6215384615384616,0.01615079336233183,0.4426540880503144,0.0029426973314208875,0.04059318861607516,0.0030065460022341253,1.0,0.0
