weight,d_pca,f_obs_mean,f_obs_std,soft_p1_mean,soft_p1_std,attn_binder_mean,attn_binder_std,diversity_mean,diversity_std,β_mean,β_std
1.0,80,0.5265384615384615,0.018861845900368067,0.2668169587079142,0.0062417299968698025,0.9582191241448378,0.0011906177056278128,0.5300628930817609,0.0033719725627070337,6.4824684282086995,9.930136612989092e-16
1.5,79,0.5538461538461539,0.0030406515963157387,0.3447054818067895,0.002912072310634477,0.9591820095207387,0.0011010212195204233,0.515056603773585,0.0032111214516144203,6.4824684282086995,9.930136612989092e-16
2.0,78,0.55,0.0063781245968373345,0.39971529119740196,0.003465219680323848,0.9634773336024931,0.001376170045124208,0.5014842767295598,0.0036040534647155,6.4824684282086995,9.930136612989092e-16
3.0,73,0.5653846153846154,0.011538461538461539,0.46098887421969154,0.004692863731755874,0.9504597217885941,0.001510546452203651,0.4667169811320755,0.001005699512692303,6.4824684282086995,9.930136612989092e-16
5.0,65,0.5123076923076922,0.008226634475464427,0.4805994739803018,0.007536573894601662,0.9658722378918411,0.00044789093834828926,0.3984276729559749,0.0026242322069213583,6.4824684282086995,9.930136612989092e-16
8.0,59,0.4119230769230769,0.00685328064661749,0.4225734716301318,0.005823263383191525,0.9621513509893814,0.0013224155156867509,0.30835220125786167,0.003914153356141264,6.4824684282086995,9.930136612989092e-16
10.0,57,0.30115384615384616,0.006464513966912158,0.34459320359925294,0.004509199979569191,0.9617340573913313,0.0005788889310664261,0.27573584905660364,0.0014624501132851258,6.4824684282086995,9.930136612989092e-16
15.0,55,0.09346153846153846,0.010585660726556062,0.14674771017676808,0.008981000206040823,0.9546487994362483,0.0015070164521741693,0.2137987421383647,0.001700789877390117,6.4824684282086995,9.930136612989092e-16
20.0,54,0.019230769230769235,0.0023552785988299792,0.06102112494556394,0.002591298723490497,0.9564145457168005,0.001025832421394046,0.1629685534591195,0.00371905038763493,6.4824684282086995,9.930136612989092e-16
