ρ,f_eff,f_obs_mean,f_obs_std,attn_A_mean,attn_A_std,diversity_mean,diversity_std
1.0,0.32323232323232326,0.39548387096774196,0.004892177705839723,0.32440388530858894,0.002324157677554433,0.5589182389937106,0.0012471239806738164
2.0,0.48854961832061067,0.41032258064516125,0.011608422074481673,0.4766781189372537,0.005051885912063643,0.5462767295597484,0.0031567064634478443
5.0,0.7048458149779736,0.444516129032258,0.006204962600539151,0.68276458383532,0.0028447942074550704,0.5504779874213835,0.0035565467745350783
10.0,0.8268733850129198,0.5093548387096773,0.007426364150465362,0.8087442466830463,0.0011907314139397325,0.5400377358490566,0.003072634412954302
20.0,0.9052333804809052,0.5183870967741936,0.0021639367524191777,0.8934255761960221,0.002650198079396607,0.539874213836478,0.00575617742749442
50.0,0.9598080383923215,0.5429032258064516,0.008192532322064735,0.957594783697165,0.0024917409552172366,0.5307421383647799,0.002303724736225673
100.0,0.9794918885827977,0.5674193548387096,0.004174896485659622,0.9770706474726522,0.0013155916131207513,0.5196352201257861,0.003742640418729048
500.0,0.9958299620339827,0.5812903225806452,0.005656670295725836,0.9942365075139555,0.0003445214688074923,0.5068427672955974,0.00423639881011773
