ρ,f_eff,f_obs,attn_A,diversity
1.0,0.32323232323232326,0.4064516129032258,0.32359983290136984,0.5634591194968555
2.0,0.48854961832061067,0.43870967741935485,0.4957044097206284,0.5558490566037736
5.0,0.7048458149779736,0.4806451612903226,0.7123710370312881,0.5562893081761007
10.0,0.8268733850129198,0.5387096774193548,0.8316999340098838,0.5470440251572327
20.0,0.9052333804809052,0.5564516129032258,0.9089309899094984,0.5471698113207548
50.0,0.9598080383923215,0.582258064516129,0.9633516270029248,0.5370440251572326
100.0,0.9794918885827977,0.6096774193548387,0.9830513500815654,0.5269811320754717
500.0,0.9958299620339827,0.6306451612903226,0.9972191863861236,0.5152201257861635
