source,plddt_mean,plddt_std,plddt_frac_gt70,tmscore_mean,tmscore_std,tmscore_frac_gt05,n_success
stored,89.2572405838099,3.150428181869588,1.0,0.8280198000000003,0.02452034677735274,1.0,50
SA_strong,90.70948609337267,1.1145678516842161,1.0,0.8314479999999999,0.01169679303685154,1.0,50
HMM_emit,60.44155207421477,13.096344025113483,0.2,0.5995735999999998,0.19080791854273826,0.74,50
SA_full,90.36207316314774,1.202806848935386,1.0,0.8427726,0.012786662025528871,1.0,50
SA_weak,91.03378281777238,1.1707123983200278,1.0,0.8467201999999999,0.013027482487387332,1.0,50
