source,plddt_mean,plddt_std,plddt_frac_gt70,tmscore_mean,tmscore_std,tmscore_frac_gt05,n_success
stored,76.7507717957401,7.687047161066605,0.92,0.42651380000000005,0.0724079515559625,0.08,50
SA_strong,78.41778265753038,2.5918924154733234,1.0,0.4613986,0.026070726801514066,0.08,50
SA_full,78.41479800398844,2.4134283636854095,1.0,0.46394219999999997,0.03424655223462916,0.1,50
